Title,Genre,Date
Indiana Jones and the Last Crusade,Action/Adventure,2020-07-31
Grace and Frankie: Season 3: The Focus Group,Comedy,2020-07-31
Grace and Frankie: Season 3: The Incubator,Comedy,2020-07-31
Urban Cowboy,Drama,2020-07-31
Green Room,Horror,2020-07-31
Grace and Frankie: Season 3: The Art Show,Comedy,2020-07-31
Grace and Frankie: Season 2: The Coup,Comedy,2020-07-31
Grace and Frankie: Season 2: The Party,Comedy,2020-07-31
Grace and Frankie: Season 2: The Bender,Comedy,2020-07-31
The Great British Baking Show: Collection 4: Bread,Competition ,2020-07-30
The Great British Baking Show: Collection 4: Biscuits,Competition ,2020-07-30
Grace and Frankie: Season 2: The Loophole,Comedy,2020-07-30
Grace and Frankie: Season 2: The Goodbyes,Comedy,2020-07-30
Grace and Frankie: Season 2: The Anchor,Comedy,2020-07-30
Grace and Frankie: Season 2: The Boar,Comedy,2020-07-30
Grace and Frankie: Season 2: The Chicken,Comedy,2020-07-30
Grace and Frankie: Season 2: The Test,Comedy,2020-07-30
Grace and Frankie: Season 2: The Road Trip,Comedy,2020-07-30
Grace and Frankie: Season 2: The Negotiation,Comedy,2020-07-30
Grace and Frankie: Season 2: The Vitamix,Comedy,2020-07-30
Grace and Frankie: Season 2: The Wish,Comedy,2020-07-30
Grace and Frankie: Season 1: The Vows,Comedy,2020-07-30
Next in Fashion: Season 1: Rock,Competition ,2020-07-30
Next in Fashion: Season 1: Underwear,Competition ,2020-07-30
"Definitely, Maybe",Romance,2020-07-30
Grace and Frankie: Season 1: The Bachelor Party,Comedy,2020-07-29
Grace and Frankie: Season 1: The Secrets,Comedy,2020-07-29
Grace and Frankie: Season 1: The Elevator,Comedy,2020-07-29
Grace and Frankie: Season 1: The Invitation,Comedy,2020-07-29
Grace and Frankie: Season 1: The Sex,Comedy,2020-07-29
Grace and Frankie: Season 1: The Spelling Bee,Comedy,2020-07-29
Grace and Frankie: Season 1: The Earthquake,Comedy,2020-07-29
Grace and Frankie: Season 1: The Fall,Comedy,2020-07-29
Grace and Frankie: Season 1: The Funeral,Comedy,2020-07-29
Grace and Frankie: Season 1: The Dinner,Comedy,2020-07-29
Grace and Frankie: Season 1: The Credit Cards,Comedy,2020-07-29
Grace and Frankie: Season 1: The End,Comedy,2020-07-29
The Great British Baking Show: Collection 4: Cake,Competition ,2020-07-29
Next in Fashion: Season 1: Streetwear,Competition ,2020-07-29
Next in Fashion: Season 1: The Suit,Competition ,2020-07-29
Next in Fashion: Season 1: Prints & Patterns,Competition ,2020-07-29
Next in Fashion: Season 1: Red Carpet,Competition ,2020-07-28
In the Dark: In The Dark: Season 2: Son of a Gun,Crime ,2020-07-27
In the Dark: In The Dark: Season 2: Cross My Heart and Hope to Lie,Crime ,2020-07-27
In the Dark: In The Dark: Season 2: It's All About the Benjamin,Crime ,2020-07-27
The Great British Baking Show: Collection 5: The Final of GBBS 2017,Competition ,2020-07-27
The Great British Baking Show: Collection 5: Patisserie Week,Competition ,2020-07-27
The Great British Baking Show: Collection 5: Forgotten Bakes Week,Competition ,2020-07-27
In the Dark: Season 1: It's Always Been You,Crime ,2020-07-27
Love on the Spectrum: Season 1: Episode 1,Reality,2020-07-26
The Great British Baking Show: Collection 5: Italian Week,Competition ,2020-07-26
The Great British Baking Show: Collection 5: Pastry Week,Competition ,2020-07-25
The Great British Baking Show: Collection 5: Pudding Week,Competition ,2020-07-25
The Great British Baking Show: Collection 5: Caramel Week,Competition ,2020-07-25
In the Dark: Season 1: Rollin' with the Homies,Crime ,2020-07-25
In the Dark: Season 1: I Woke Up Like This,Crime ,2020-07-25
In the Dark: Season 1: Bait and Switch,Crime ,2020-07-24
In the Dark: Season 1: Deal or No Deal,Crime ,2020-07-24
In the Dark: Season 1: Jessica Rabbit,Crime ,2020-07-24
The Great British Baking Show: Collection 5: Bread Week,Competition ,2020-07-24
The Great British Baking Show: Collection 5: Biscuit Week,Competition ,2020-07-24
In the Dark: Season 1: The One That Got Away,Crime ,2020-07-23
In the Dark: Season 1: Tyson,Crime ,2020-07-23
The Great British Baking Show: Collection 5: Cake Week,Competition ,2020-07-23
In the Dark: Season 1: The Feels,Crime ,2020-07-23
In the Dark: Season 1: The Graduate,Crime ,2020-07-22
In the Dark: Season 1: The Big Break,Crime ,2020-07-22
In the Dark: Season 1: Mommy Issues,Crime ,2020-07-22
In the Dark: Season 1: Pilot,Crime ,2020-07-22
Down to Earth with Zac Efron: Season 1: Puerto Rico,Documentaries,2020-07-21
Down to Earth with Zac Efron: Season 1: Lima,Documentaries,2020-07-21
Down to Earth with Zac Efron: Season 1: Sardinia,Documentaries,2020-07-21
Down to Earth with Zac Efron: Season 1: Costa Rica,Documentaries,2020-07-21
Down to Earth with Zac Efron: Season 1: France,Documentaries,2020-07-21
Down to Earth with Zac Efron: Season 1: Iceland,Documentaries,2020-07-21
The Old Guard,Action/Adventure,2020-07-20
John Leguizamo's Latin History for Morons,Comedy,2020-07-20
A Thousand Words,Comedy,2020-07-20
Nacho Libre,Comedy,2020-07-20
JU-ON: Origins: Season 1: Episode 1,Horror,2020-07-20
The Karate Kid,Drama,2020-07-20
The Great British Baking Show: Collection 6: FINAL,Competition ,2020-07-18
Clash of the Titans,Drama,2020-07-18
Supermarket Sweep: Season 1: Episode 1432,Competition ,2020-07-16
Supermarket Sweep: Season 1: Episode 1424,Competition ,2020-07-16
Supermarket Sweep: Season 1: Episode 1423,Competition ,2020-07-16
The Great British Baking Show: Collection 6: Patisserie Week,Competition ,2020-07-16
Supermarket Sweep: Season 1: Episode 1418,Competition ,2020-07-16
Supermarket Sweep: Season 1: Episode 1417,Competition ,2020-07-16
Supermarket Sweep: Season 1: Episode 1404,Competition ,2020-07-16
Supermarket Sweep: Season 1: Episode 1397,Competition ,2020-07-16
Supermarket Sweep: Season 1: Episode 1392,Competition ,2020-07-16
Supermarket Sweep: Season 1: Episode 1391,Competition ,2020-07-15
The Great British Baking Show: The Beginnings: Season 1: Biscuits,Competition ,2020-07-15
The Great British Baking Show: The Beginnings: Season 1: Sweet Dough,Competition ,2020-07-15
Lemony Snicket's A Series of Unfortunate Events,Action/Adventure,2020-07-15
The Great British Baking Show: Collection 6: Danish Week,Competition ,2020-07-15
Crashing: Season 1: Episode 6,Comedy,2020-07-15
Crashing: Season 1: Episode 5,Comedy,2020-07-15
Crashing: Season 1: Episode 4,Comedy,2020-07-15
Crashing: Season 1: Episode 3,Comedy,2020-07-15
The Great British Baking Show: Collection 6: Vegan Week,Competition ,2020-07-15
The Great British Baking Show: Collection 6: Pastry Week,Competition ,2020-07-15
The Great British Baking Show: The Beginnings: Season 1: Pudding,Competition ,2020-07-14
The Great British Baking Show: Collection 6: Spice Week,Competition ,2020-07-14
The Great British Baking Show: Collection 6: Desserts Week,Competition ,2020-07-14
Stand and Deliver,Drama,2020-07-14
The Great British Baking Show: Collection 6: Bread Week,Competition ,2020-07-13
Inglourious Basterds,Action/Adventure ,2020-07-13
Fiddler on the Roof,Musical,2020-07-13
The Great British Baking Show: Collection 6: Cake Week,Competition ,2020-07-13
The Great British Baking Show: Collection 6: Biscuits Week,Competition ,2020-07-13
The Great British Baking Show: Collection 7: Final,Competition ,2020-07-13
The Great British Baking Show: Collection 7: Patisserie -- Semifinal,Competition ,2020-07-13
The Great British Baking Show: Collection 7: Pastry Week,Competition ,2020-07-12
The Great British Baking Show: Collection 7: Festival Week,Competition ,2020-07-12
Poltergeist,Horror,2020-07-06
The Runaways,Biography,2020-07-06
The Great British Baking Show: Collection 7: Desserts Week,Competition ,2020-07-06
Crazy Delicious: Season 1: Birthday Blowout,Competition ,2020-07-06
Total Recall,Action/Adventure,2020-07-06
The Great British Baking Show: Collection 7: Roaring '20s Week,Competition ,2020-07-06
The Great British Baking Show: Collection 7: Dairy Week,Competition ,2020-07-06
The Great British Baking Show: Collection 7: Bread Week,Competition ,2020-07-06
The Great British Baking Show: Collection 7: Biscuits Week,Competition ,2020-07-06
Sleepless in Seattle,Romance,2020-07-05
Amy,Documentaries,2020-07-03
The Great British Baking Show: Collection 7: Cake Week,Competition ,2020-07-03
Crashing: Season 1: Episode 2,Comedy,2020-07-03
Crashing: Season 1: Episode 1,Comedy,2020-07-03
Jeffrey Epstein: Filthy Rich: Limited Series: Finding Their Voice,Documentaries,2020-07-02
Jeffrey Epstein: Filthy Rich: Limited Series: The Island,Documentaries,2020-07-02
Jeffrey Epstein: Filthy Rich: Limited Series: Follow the Money,Documentaries,2020-07-02
The Devil's Advocate,Horror,2020-07-02
The Great British Baking Show: Collection 1: The Final,Competition ,2020-07-02
Scott Pilgrim vs. the World,Comedy,2020-07-02
Blown Away: Season 1: Best in Blow,Competition ,2020-07-02
Taxi Driver,Drama,2020-07-02
Casper,Comedy,2020-07-01
The Great British Baking Show: Collection 1: Patisserie,Competition ,2020-07-01
Blown Away: Season 1: Body Parts,Competition ,2020-07-01
Blown Away: Season 1: The Glass is Greener,Competition ,2020-07-01
Blown Away: Season 1: Dual Intent,Competition ,2020-07-01
Blown Away: Season 1: Pop Art Blowup,Competition ,2020-07-01
Blown Away: Season 1: Thirsty Work,Competition ,2020-07-01
Blown Away: Season 1: Clash of the Robots,Competition ,2020-07-01
As Good as It Gets,Comedy,2020-06-30
The Order: Season 1: Homecoming: Part 2,Action/Adventure,2020-06-30
The Order: Season 1: Homecoming: Part 1,Action/Adventure,2020-06-30
The Order: Season 1: Introduction to Ethics: Part 2,Action/Adventure,2020-06-30
The Order: Season 1: Introduction to Ethics: Part 1,Action/Adventure,2020-06-30
The Order: Season 1: Hell Week: Part 2,Action/Adventure,2020-06-30
The Order: Season 1: Hell Week: Part 1,Action/Adventure,2020-06-30
Blown Away: Season 1: Lighten Up,Competition ,2020-06-30
Blown Away: Season 1: Potluck Party,Competition ,2020-06-30
Blown Away: Season 1: Snapshot,Competition ,2020-06-30
Jerry Maguire,Romance,2020-06-29
Life as We Know It,Romance,2020-06-29
E.T. the Extra-Terrestrial,Action/Adventure,2020-06-29
Raising Cain,Horror,2020-06-29
The Great British Baking Show: Collection 1: Advanced Dough,Competition ,2020-06-28
The Great British Baking Show: Collection 1: Pastries,Competition ,2020-06-28
After Life: Season 1: Episode 2,Comedy,2020-06-28
The Great British Baking Show: Collection 1: Continental Cake,Competition ,2020-06-28
The Great British Baking Show: Collection 1: Pies and Tarts,Competition ,2020-06-27
The Great British Baking Show: Collection 1: Desserts,Competition ,2020-06-27
Eurovision Song Contest: The Story of Fire Saga,Comedy,2020-06-27
After Life: Season 1: Episode 1,Comedy,2020-06-27
Baby Mama,Comedy,2020-06-27
Outlander: Season 1: The Wedding,Action/Adventure,2020-06-26
The Watcher,Action/Adventure,2020-06-26
The Politician: Season 1: The Assassination of Payton Hobart: Part 2,Drama,2020-06-26
Crazy Delicious: Season 1: Picnic Perfection,Competition ,2020-06-26
Crazy Delicious: Season 1: Takeout Takeover,Competition ,2020-06-26
Crazy Delicious: Season 1: Bananas Barbecues,Competition ,2020-06-25
The Silence of the Lambs,Horror,2020-06-24
The Invention of Lying,Comedy,2020-06-24
The Politician: Season 1: The Assassination of Payton Hobart,Drama,2020-06-24
The Politician: Season 1: The Voter,Drama,2020-06-24
The Politician: Season 1: Gone Girl,Drama,2020-06-24
The Politician: Season 1: October Surprise,Drama,2020-06-24
The Politician: Season 1: The Harrington Commode,Drama,2020-06-23
The Politician: Season 1: Pilot,Drama,2020-06-23
Floor Is Lava: Season 1: The Planetarium: Level 2,Competition ,2020-06-23
Floor Is Lava: Season 1: The Kitchen: Level 2,Competition ,2020-06-23
The Darkness,Horror,2020-06-23
Floor Is Lava: Season 1: The Study: Level 1,Competition ,2020-06-22
Floor Is Lava: Season 1: The Kitchen: Level 1,Competition ,2020-06-22
Floor Is Lava: Season 1: The Planetarium: Level 1,Competition ,2020-06-22
Floor Is Lava: Season 1: The Bedroom: Level 1,Competition ,2020-06-22
Floor Is Lava: Season 1: The Basement: Level 1,Competition ,2020-06-21
The Circle France: Season 1: Hello Circle,Competition ,2020-06-21
"To Wong Foo, Thanks for Everything! Julie Newmar",Comedy,2020-06-20
Twister,Action/Adventure,2020-06-18
Portlandia: Season 8: You Do You,Comedy,2020-06-16
Outlander: Season 1: The Garrison Commander,Action/Adventure,2020-06-16
Bad News Bears,Comedy,2020-06-15
Hoarders: Season 10: Linda,Reality,2020-06-15
Starship Troopers,Action/Adventure,2020-06-15
Outlander: Season 1: Rent,Action/Adventure,2020-06-14
Outlander: Season 1: The Gathering,Action/Adventure,2020-06-14
Outlander: Season 1: The Way Out,Action/Adventure,2020-06-14
Outlander: Season 1: Castle Leoch,Action/Adventure,2020-06-13
The Great British Baking Show: The Beginnings: Season 1: Pies,Competition ,2020-06-12
The Great British Baking Show: The Beginnings: Season 1: Desserts,Competition ,2020-06-12
The Great British Baking Show: The Beginnings: Season 1: Tarts,Competition ,2020-06-12
The Great British Baking Show: The Beginnings: Season 1: Bread,Competition ,2020-06-12
The Great British Baking Show: The Beginnings: Season 1: Cakes,Competition ,2020-06-12
Hoarders: Season 10: Dale,Reality,2020-06-10
Hoarders: Season 10: Andy & Becky,Reality,2020-06-10
Hoarders: Season 10: Three Amigos,Reality,2020-06-09
Hoarders: Season 10: Patricia,Reality,2020-06-09
Outlander: Season 1: Sassenach,Action/Adventure,2020-06-09
Cape Fear,Horror,2020-06-08
Clueless,Comedy,2020-06-08
The Big Flower Fight: Season 1: Fairytale Finale,Competition ,2020-06-07
The Big Flower Fight: Season 1: Green Giants,Competition ,2020-06-06
The Big Flower Fight: Season 1: Sea Creatures,Competition ,2020-06-06
The Big Flower Fight: Season 1: Magnificent Mobiles,Competition ,2020-06-06
The Big Flower Fight: Season 1: Giant Edible Thrones,Competition ,2020-06-06
The Big Flower Fight: Season 1: Huge Hairy Beasts,Competition ,2020-06-06
The Big Flower Fight: Season 1: Fabulous Floral Fashion,Competition ,2020-06-05
The Big Flower Fight: Season 1: Enormous Insects,Competition ,2020-06-05
Lady Bird,Drama,2020-06-04
The Disaster Artist,Comedy,2020-06-03
Nailed It!: Season 4: I Do … Hope I Don’t Fail,Competition ,2020-06-02
Nailed It!: Season 4: The Big Bake Theory,Competition ,2020-06-02
"Nailed It!: Season 4: Howdy, Failure!",Competition ,2020-06-02
Nailed It!: Season 4: Jungle Bungle,Competition ,2020-06-01
Nailed It!: Season 4: Chariots of Failure,Competition ,2020-06-01
Nailed It!: Season 4: Indiana Fails and the Temple of Slop,Competition ,2020-06-01
Nailed It!: Season 4: The One with the '90s Theme,Competition ,2020-06-01
Yummy Mummies: Season 2: Episode 10,Reality,2020-06-01
Yummy Mummies: Season 2: Episode 9,Reality,2020-06-01
Yummy Mummies: Season 2: Episode 8,Reality,2020-06-01
Yummy Mummies: Season 2: Episode 7,Reality,2020-05-31
Yummy Mummies: Season 2: Episode 6,Reality,2020-05-31
Yummy Mummies: Season 2: Episode 5,Reality,2020-05-31
Yummy Mummies: Season 2: Episode 4,Reality,2020-05-31
Yummy Mummies: Season 2: Episode 3,Reality,2020-05-31
Yummy Mummies: Season 2: Episode 2,Reality,2020-05-31
Yummy Mummies: Season 2: Episode 1,Reality,2020-05-31
Yummy Mummies: Season 1: Episode 10,Reality,2020-05-30
Yummy Mummies: Season 1: Episode 9,Reality,2020-05-30
Yummy Mummies: Season 1: Episode 8,Reality,2020-05-30
Yummy Mummies: Season 1: Episode 7,Reality,2020-05-30
Yummy Mummies: Season 1: Episode 6,Reality,2020-05-30
Yummy Mummies: Season 1: Episode 5,Reality,2020-05-30
Yummy Mummies: Season 1: Episode 4,Reality,2020-05-30
Yummy Mummies: Season 1: Episode 3,Reality,2020-05-30
Yummy Mummies: Season 1: Episode 2,Reality,2020-05-29
Yummy Mummies: Season 1: Episode 1,Reality,2020-05-29
Community: Season 1: Spanish 101,Comedy,2020-05-27
Community: Season 1: Community,Comedy,2020-05-27
Three Wives One Husband: Season 1: Episode 4,Reality,2020-05-27
Three Wives One Husband: Season 1: Episode 3,Reality,2020-05-27
Three Wives One Husband: Season 1: Episode 2,Reality,2020-05-27
Three Wives One Husband: Season 1: Episode 1,Reality,2020-05-27
Uncut Gems,Drama,2020-05-26
Just Go With It,Comedy,2020-05-23
He's Just Not That Into You,Comedy,2020-05-19
Hancock,Action/Adventure,2020-05-18
The Curious Case of Benjamin Button,Drama,2020-05-17
The Wrong Missy,Comedy,2020-05-16
American Horror Story: Murder House: Pilot,Horror,2020-05-16
American Horror Story: Apocalypse: Apocalypse Then,Horror,2020-05-16
American Horror Story: Apocalypse: Fire and Reign,Horror,2020-05-16
American Horror Story: Apocalypse: Sojourn,Horror,2020-05-16
American Horror Story: Apocalypse: Traitor,Horror,2020-05-15
American Horror Story: Apocalypse: Return To Murder House,Horror,2020-05-15
American Horror Story: Apocalypse: Boy Wonder,Horror,2020-05-15
American Horror Story: Apocalypse: Could It Be...Satan?,Horror,2020-05-15
American Horror Story: Apocalypse: Forbidden Fruit,Horror,2020-05-15
American Horror Story: Apocalypse: The Morning After,Horror,2020-05-15
Dead to Me: Season 2: Where Do We Go From Here,Drama,2020-05-14
"Dead to Me: Season 2: It's Not You, It's Me",Drama,2020-05-14
Dead to Me: Season 2: It Had To Be You,Drama,2020-05-14
Unbreakable Kimmy Schmidt: Kimmy vs. the Reverend,Comedy,2020-05-14
Dead to Me: Season 2: If Only You Knew,Drama,2020-05-12
Dead to Me: Season 2: You Don't Have To,Drama,2020-05-12
Dead to Me: Season 2: The Price You Pay,Drama,2020-05-12
Dead to Me: Season 2: Between You And Me,Drama,2020-05-12
Dead to Me: Season 2: You Can't Live Like This,Drama,2020-05-11
Dead to Me: Season 2: Where Have You Been,Drama,2020-05-11
Dead to Me: Season 2: You Know What You Did,Drama,2020-05-11
Sinister,Horror,2020-05-11
Dead to Me: Season 1: You Have To Go,Drama,2020-05-11
Dead to Me: Season 1: I Have To Be Honest,Drama,2020-05-11
Dead to Me: Season 1: Try To Stop Me,Drama,2020-05-11
Dead to Me: Season 1: I Can Handle It,Drama,2020-05-11
Too Hot to Handle: Season 1: Extra Hot: The Reunion,Competition ,2020-05-08
Fun with Dick & Jane,Comedy,2020-05-08
Too Hot to Handle: Season 1: Lust or Bust,Competition ,2020-05-06
Too Hot to Handle: Season 1: Sisters over Misters,Competition ,2020-05-06
Too Hot to Handle: Season 1: The Bryce Isn't Right,Competition ,2020-05-06
Too Hot to Handle: Season 1: Boys to Men,Competition ,2020-05-06
Back to the Future Part III,Comedy,2020-05-06
Back to the Future Part II,Comedy,2020-05-05
Back to the Future,Comedy,2020-05-05
Tootsie,Comedy,2020-05-04
The Great British Baking Show: Collection 1: Bread,Competition ,2020-05-04
The Great British Baking Show: Collection 1: Biscuits,Competition ,2020-05-04
The Great British Baking Show: Collection 1: Cake,Competition ,2020-05-04
Resident Evil: Extinction,Horror,2020-05-04
The Green Inferno,Horror,2020-05-04
Insidious,Horror,2020-05-04
Never Have I Ever: Season 1: ... said I'm sorry,Comedy,2020-04-30
Never Have I Ever: Season 1: ... had to be on my best behavior,Comedy,2020-04-30
Never Have I Ever: Season 1: ... pissed off everyone I know,Comedy,2020-04-30
Parks and Recreation: Season 4: Bus Tour,Comedy,2020-04-30
Parks and Recreation: Season 4: The Debate,Comedy,2020-04-30
Parks and Recreation: Season 4: Live Ammo,Comedy,2020-04-30
Parks and Recreation: Season 4: Lucky,Comedy,2020-04-30
Parks and Recreation: Season 4: Campaign Shake-Up,Comedy,2020-04-30
Parks and Recreation: Season 4: Sweet Sixteen,Comedy,2020-04-30
Parks and Recreation: Season 4: Dave Returns,Comedy,2020-04-30
Parks and Recreation: Season 4: Operation Ann,Comedy,2020-04-30
"Never Have I Ever: Season 1: ... been a big, fat liar",Comedy,2020-04-30
Parks and Recreation: Season 4: Bowling for Votes,Comedy,2020-04-30
Parks and Recreation: Season 4: Campaign Ad,Comedy,2020-04-30
Parks and Recreation: Season 4: The Comeback Kid,Comedy,2020-04-30
"Too Hot to Handle: Season 1: Two's Company, Three's a ... Threesome",Competition ,2020-04-30
Too Hot to Handle: Season 1: Revenge Is a Dish Best Served Hot,Competition ,2020-04-30
Too Hot to Handle: Season 1: When Harry Met Francesca,Competition ,2020-04-29
"Too Hot to Handle: Season 1: Love, Sex or Money",Competition ,2020-04-29
Hush,Horror,2020-04-29
That '70s Show: Season 3: Roller Disco,Comedy,2020-04-29
"That '70s Show: Season 3: Too Old to Trick or Treat, Too Young to Die",Comedy,2020-04-29
Never Have I Ever: Season 1: ... been the loneliest boy in the world,Comedy,2020-04-29
Never Have I Ever: Season 1: ... started a nuclear war,Comedy,2020-04-29
Parks and Recreation: Season 4: Citizen Knope,Comedy,2020-04-29
Parks and Recreation: Season 4: The Trial of Leslie Knope,Comedy,2020-04-29
Parks and Recreation: Season 4: Smallest Park,Comedy,2020-04-29
Parks and Recreation: Season 4: The Treaty,Comedy,2020-04-29
Never Have I Ever: Season 1: ... felt super Indian,Comedy,2020-04-29
Never Have I Ever: Season 1: ... gotten drunk with the popular kids,Comedy,2020-04-29
Never Have I Ever: Season 1: ... had sex with Paxton Hall-Yoshida,Comedy,2020-04-29
Never Have I Ever: Season 1: Pilot,Comedy,2020-04-29
Child's Play,Horror,2020-04-28
The Ring,Horror,2020-04-28
The Craft,Horror,2020-04-28
Hitch,Comedy,2020-04-28
National Treasure,Action/Adventure,2020-04-25
Catfish,Reality,2020-04-25
For Love or Money,Comedy,2020-04-24
Final Destination 3,Horror,2020-04-23
Burlesque,Romance,2020-04-21
Purple Rain,Musical,2020-04-21
Final Destination,Horror,2020-04-16
Parks and Recreation: Season 4: End of the World,Comedy,2020-04-15
Parks and Recreation: Season 4: Meet 'n' Greet,Comedy,2020-04-15
Parks and Recreation: Season 4: Pawnee Rangers,Comedy,2020-04-15
Parks and Recreation: Season 4: Born & Raised,Comedy,2020-04-15
Parks and Recreation: Season 4: Ron and Tammys,Comedy,2020-04-15
Parks and Recreation: Season 4: I'm Leslie Knope,Comedy,2020-04-15
Parks and Recreation: Season 3: Li'l Sebastian,Comedy,2020-04-15
Parks and Recreation: Season 3: The Bubble,Comedy,2020-04-15
Rosemary's Baby,Horror,2020-04-14
Don't Be Afraid of the Dark,Horror,2020-04-14
A Nightmare on Elm Street,Horror,2020-04-14
Legion,Horror,2020-04-14
Parks and Recreation: Season 3: Road Trip,Comedy,2020-04-14
Parks and Recreation: Season 3: The Fight,Comedy,2020-04-14
Parks and Recreation: Season 3: Eagleton,Comedy,2020-04-14
Parks and Recreation: Season 3: Jerry's Painting,Comedy,2020-04-14
Parks and Recreation: Season 3: Soulmates,Comedy,2020-04-14
Parks and Recreation: Season 3: Andy and April's Fancy Party,Comedy,2020-04-13
Parks and Recreation: Season 3: Camping,Comedy,2020-04-13
Parks and Recreation: Season 3: Harvest Festival,Comedy,2020-04-13
Parks and Recreation: Season 3: Indianapolis,Comedy,2020-04-13
Parks and Recreation: Season 3: Media Blitz,Comedy,2020-04-13
Parks and Recreation: Season 3: Ron and Tammy: Part II,Comedy,2020-04-13
Parks and Recreation: Season 3: Time Capsule,Comedy,2020-04-12
Parks and Recreation: Season 3: Flu Season,Comedy,2020-04-12
Parks and Recreation: Season 3: Go Big or Go Home,Comedy,2020-04-12
Parks and Recreation: Season 2: Freddy Spaghetti,Comedy,2020-04-12
Parks and Recreation: Season 2: The Master Plan,Comedy,2020-04-12
Parks and Recreation: Season 2: Telethon,Comedy,2020-04-12
Parks and Recreation: Season 2: 94 Meetings,Comedy,2020-04-12
Parks and Recreation: Season 2: Summer Catalog,Comedy,2020-04-12
Parks and Recreation: Season 2: Park Safety,Comedy,2020-04-12
Parks and Recreation: Season 2: The Possum,Comedy,2020-04-12
Parks and Recreation: Season 2: Woman of the Year,Comedy,2020-04-12
Parks and Recreation: Season 2: Galentine's Day,Comedy,2020-04-12
Parks and Recreation: Season 2: Sweetums,Comedy,2020-04-12
Parks and Recreation: Season 2: Leslie's House,Comedy,2020-04-12
Parks and Recreation: Season 2: The Set-Up,Comedy,2020-04-12
Parks and Recreation: Season 2: Christmas Scandal,Comedy,2020-04-10
Parks and Recreation: Season 2: Tom's Divorce,Comedy,2020-04-10
Parks and Recreation: Season 2: Hunting Trip,Comedy,2020-04-10
Parks and Recreation: Season 2: The Camel,Comedy,2020-04-10
Parks and Recreation: Season 2: Ron and Tammy,Comedy,2020-04-10
Molly's Game,Drama,2020-04-08
The Matrix,Action/Adventure,2020-04-07
"Tiger King: Murder, Mayhem and Madness: Limited Series: Cult of Personality",Documentaries,2020-04-06
"Tiger King: Murder, Mayhem and Madness: Limited Series: Not Your Average Joe",Documentaries,2020-04-06
Derry Girls: Season 2: Episode 6,Comedy,2020-04-04
Derry Girls: Season 2: Episode 5,Comedy,2020-04-04
Derry Girls: Season 1: Episode 1,Comedy,2020-04-04
The Social Network,Drama,2020-04-04
Derry Girls: Season 2: Episode 4,Comedy,2020-04-04
Nailed It!: Season 4: Let’s Get Lit,Competition ,2020-04-03
Derry Girls: Season 2: Episode 3,Comedy,2020-04-03
Derry Girls: Season 2: Episode 2,Comedy,2020-04-03
Derry Girls: Season 2: Episode 1,Comedy,2020-04-03
Derry Girls: Season 1: Episode 6,Comedy,2020-04-03
Derry Girls: Season 1: Episode 5,Comedy,2020-04-03
Indiana Jones and the Temple of Doom,Action/Adventure,2020-04-02
Indiana Jones and the Raiders of the Lost Ark,Action/Adventure,2020-04-02
Ex Machina,Action/Adventure,2020-04-02
Insatiable: Season 2: Pig,Comedy,2020-03-30
The Amityville Horror,Horror,2020-03-29
Horse Girl,Drama,2020-03-29
Inception,Action/Adventure,2020-03-28
Hook,Action/Adventure,2020-03-28
The Last Samurai,Action/Adventure,2020-03-23
Love Is Blind: Season 1: The Reunion,Reality,2020-03-22
Love Is Blind: Season 1: The Weddings,Reality,2020-03-22
Love Is Blind: Season 1: First Night Together,Reality,2020-03-22
Love Is Blind: Season 1: Will You Marry Me?,Reality,2020-03-22
The Bachelor: Season 13: Episode 1307,Reality,2020-03-22
Candyman,Horror,2020-03-21
The Bachelor: Season 13: Episode 1306,Reality,2020-03-20
The Bachelor: Season 13: Episode 1305,Reality,2020-03-20
Don't F**k with Cats: Hunting an Internet Killer: Limited Series: Closing the Net,Documentaries,2020-03-18
Don't F**k with Cats: Hunting an Internet Killer: Limited Series: Killing for Clicks,Documentaries,2020-03-18
Don't F**k with Cats: Hunting an Internet Killer: Limited Series: Cat and Mouse,Documentaries,2020-03-18
The Bachelor: Season 13: Episode 1304,Reality,2020-03-17
The Bachelor: Season 13: Episode 1303,Reality,2020-03-17
The Bachelor: Season 13: Episode 1302,Reality,2020-03-17
Derry Girls: Season 1: Episode 4,Comedy,2020-03-16
Derry Girls: Season 1: Episode 3,Comedy,2020-03-16
Derry Girls: Season 1: Episode 2,Comedy,2020-03-16
New York Minute,Comedy,2020-03-16
The Bachelor: Season 13: Episode 1301,Reality,2020-03-13
Kingpin,Comedy,2020-03-13
Freedom Writers,Drama,2020-03-13
GoodFellas,Action/Adventure,2020-03-13
The Circle: Season 1: Finale,Competition ,2020-03-05
The Circle: Season 1: The Last Rating,Competition ,2020-03-05
The Circle: Season 1: Declare Your Rival,Competition ,2020-03-05
The Circle: Season 1: Instant Block,Competition ,2020-03-05
The Circle: Season 1: The Player I'm Saving Is ...,Competition ,2020-03-04
The Circle: Season 1: Picking Teams,Competition ,2020-03-04
The Circle: Season 1: Anonymous Trolling,Competition ,2020-03-04
The Circle: Season 1: Sliding into DMs,Competition ,2020-03-04
The Circle: Season 1: Planting Doubt,Competition ,2020-03-04
The Circle: Season 1: There's a Catfish Among Us,Competition ,2020-03-04
The Circle: Season 1: Face-to-Face,Competition ,2020-03-04
"The Circle: Season 1: Hello, Circle",Competition ,2020-03-04
Guess Who's Coming to Dinner,Drama,2020-03-01
Love Is Blind: Season 1: Bachelor & Bachelorette Parties,Reality,2020-02-28
Love Is Blind: Season 1: Countdown to I Do's,Reality,2020-02-28
Love Is Blind: Season 1: Meet the Parents,Reality,2020-02-28
Love Is Blind: Season 1: Moving in Together,Reality,2020-02-28
Love Is Blind: Season 1: Last Night in Paradise,Reality,2020-02-27
Love Is Blind: Season 1: Couples Retreat,Reality,2020-02-27
Love Is Blind: Season 1: Is Love Blind?,Reality,2020-02-26
"I Am Not Okay With This: Season 1: Deepest, Darkest Secret",Action/Adventure,2020-02-26
"I Am Not Okay With This: Season 1: Like Father, Like Daughter",Action/Adventure,2020-02-26
I Am Not Okay With This: Season 1: Another Day in Paradise,Action/Adventure,2020-02-26
I Am Not Okay With This: Season 1: Stan by Me,Action/Adventure,2020-02-26
I Am Not Okay With This: Season 1: The Party's Over,Action/Adventure,2020-02-26
I Am Not Okay With This: Season 1: The Master of One F**k,Action/Adventure,2020-02-26
I Am Not Okay With This: Season 1: Dear Diary...,Action/Adventure,2020-02-26
Glee: Season 2: Audition,Comedy,2020-02-19
Glee: Season 1: Journey to Regionals,Comedy,2020-02-19
Glee: Season 1: Funk,Comedy,2020-02-19
Glee: Season 1: Theatricality,Comedy,2020-02-18
Glee: Season 1: Dream On,Comedy,2020-02-18
Glee: Season 1: Laryngitis,Comedy,2020-02-18
I AM A KILLER: Season 2: In Her Hands,Documentaries,2020-02-18
Glee: Season 1: Bad Reputation,Comedy,2020-02-18
Glee: Season 1: Home,Comedy,2020-02-18
Glee: Season 1: The Power of Madonna,Comedy,2020-02-18
Glee: Season 1: Hell-O,Comedy,2020-02-17
Glee: Season 1: Sectionals,Comedy,2020-02-17
Glee: Season 1: Mattress,Comedy,2020-02-17
Glee: Season 1: Hairography,Comedy,2020-02-17
Glee: Season 1: Ballad,Comedy,2020-02-17
Glee: Season 1: Wheels,Comedy,2020-02-17
Glee: Season 1: Mash-Up,Comedy,2020-02-16
Glee: Season 1: Throwdown,Comedy,2020-02-16
Glee: Season 1: Vitamin D,Comedy,2020-02-16
Glee: Season 1: The Rhodes Not Taken,Comedy,2020-02-16
Glee: Season 1: Preggers,Comedy,2020-02-16
Glee: Season 1: Acafellas,Comedy,2020-02-16
Glee: Season 1: Showmance,Comedy,2020-02-16
Glee: Season 1: Pilot,Comedy,2020-02-16
Scary Movie,Comedy,2020-02-15
The Natural,Drama,2020-02-08
Marriage Story,Drama,2020-02-06
Blow,Drama,2020-02-02
72 Dangerous Animals: Latin America: Season 1: One Hit Wonders,Documentaries,2020-02-02
Along Came a Spider,Action/Adventure,2020-01-27
Sex Education: Season 2: Episode 1,Comedy,2020-01-24
Sex Education: Season 1: Episode 8,Comedy,2020-01-23
Sex Education: Season 1: Episode 7,Comedy,2020-01-23
Sex Education: Season 1: Episode 6,Comedy,2020-01-23
Sex Education: Season 1: Episode 5,Comedy,2020-01-23
Sex Education: Season 1: Episode 4,Comedy,2020-01-23
Sex Education: Season 1: Episode 3,Comedy,2020-01-23
Sex Education: Season 1: Episode 2,Comedy,2020-01-23
Resident Evil: Afterlife,Horror,2020-01-22
Outlander: Season 2: Dragonfly In Amber,Action/Adventure,2020-01-22
Outlander: Season 2: The Hail Mary,Action/Adventure,2020-01-21
Outlander: Season 2: Vengeance Is Mine,Action/Adventure,2020-01-21
Outlander: Season 2: Prestonpans,Action/Adventure,2020-01-21
Outlander: Season 2: Je Suis Prest,Action/Adventure,2020-01-20
The Irishman,Action/Adventure,2020-01-15
The Evil Dead,Horror,2020-01-15
Black Panther,Action/Adventure,2020-01-14
Hellboy,Action/Adventure,2020-01-13
The Lord of the Rings: The Two Towers,Action/Adventure,2020-01-13
Unbelievable: Limited Series: Episode 8,Drama,2020-01-09
Unbelievable: Limited Series: Episode 7,Drama,2020-01-08
Unbelievable: Limited Series: Episode 6,Drama,2020-01-08
Unbelievable: Limited Series: Episode 5,Drama,2020-01-07
Unbelievable: Limited Series: Episode 4,Drama,2020-01-07
Unbelievable: Limited Series: Episode 3,Drama,2020-01-07
Unbelievable: Limited Series: Episode 2,Drama,2020-01-07
Unbelievable: Limited Series: Episode 1,Drama,2020-01-07
Primal Fear,Drama,2020-01-07
Superstar,Comedy,2019-12-14
Young Adult,Comedy,2019-12-05
Parks and Recreation: Season 2: Greg Pikitis,Comedy,2019-12-04
Parks and Recreation: Season 2: Kaboom,Comedy,2019-11-30
Parks and Recreation: Season 2: Sister City,Comedy,2019-11-30
Parks and Recreation: Season 2: Practice Date,Comedy,2019-11-30
Parks and Recreation: Season 2: Beauty Pageant,Comedy,2019-11-30
Parks and Recreation: Season 2: The Stakeout,Comedy,2019-11-30
Parks and Recreation: Season 2: Pawnee Zoo,Comedy,2019-11-30
Parks and Recreation: Season 1: Rock Show,Comedy,2019-11-30
Parks and Recreation: Season 1: The Banquet,Comedy,2019-11-30
Parks and Recreation: Season 1: Boys' Club,Comedy,2019-11-30
Parks and Recreation: Season 1: The Reporter,Comedy,2019-11-28
Parks and Recreation: Season 1: Canvassing,Comedy,2019-11-28
Parks and Recreation: Season 1: Pilot,Comedy,2019-11-27
72 Dangerous Animals: Latin America: Season 1: The Freaks,Documentaries,2019-11-27
72 Dangerous Animals: Latin America: Season 1: Deathly Bite,Documentaries,2019-11-27
72 Dangerous Animals: Latin America: Season 1: Jungle Jeopardy,Documentaries,2019-11-27
Bee Movie,Comedy,2019-11-27
Poseidon,Action/Adventure,2019-11-27
Friends: Season 2: The One Where Joey Moves Out,Comedy,2019-11-27
Superbad,Comedy,2019-11-27
Something's Gotta Give,Comedy,2019-11-25
Fear and Loathing in Las Vegas,Comedy,2019-11-25
How to Be a Latin Lover,Comedy,2019-11-24
Charlie's Angels: Full Throttle,Comedy,2019-11-22
Charlie's Angels,Comedy,2019-11-21
Rebel Without a Cause,Drama,2019-11-21
The Great British Baking Show: Holidays: Season 2: The Great Christmas Baking Show,Competition ,2019-11-14
Step Brothers,Comedy,2019-11-10
The End of the F***ing World: Season 2: Episode 8,Comedy,2019-11-10
The End of the F***ing World: Season 2: Episode 7,Comedy,2019-11-10
The End of the F***ing World: Season 2: Episode 6,Comedy,2019-11-10
The End of the F***ing World: Season 2: Episode 5,Comedy,2019-11-09
The End of the F***ing World: Season 2: Episode 4,Comedy,2019-11-09
The End of the F***ing World: Season 2: Episode 3,Comedy,2019-11-09
The End of the F***ing World: Season 2: Episode 2,Comedy,2019-11-08
The End of the F***ing World: Season 2: Episode 1,Comedy,2019-11-08
The End of the F***ing World: Season 1: Episode 1,Comedy,2019-11-08
Jenny Slate: Stage Fright,Comedy,2019-11-08
The Texas Chainsaw Massacre,Horror,2019-11-06
Heathers,Comedy,2019-11-03
The King,Drama,2019-11-01
Two Sentence Horror Stories: Season 1: Squirm,Horror,2019-11-01
Two Sentence Horror Stories: Season 1: Gentleman,Horror,2019-10-31
Across the Universe,Musical,2019-10-25
Chill with Bob Ross: Collection: Portrait of Winter,Other,2019-10-25
Trainspotting,Drama,2019-10-11
Marianne: Season 1: Your Dreams,Other,2019-10-09
The Break-Up,Comedy,2019-09-21
Burn After Reading,Comedy,2019-09-21
Dave Chappelle: Sticks & Stones,Comedy,2019-09-20
The Crow,Horror,2019-09-14
Bachelorette,Comedy,2019-09-13
Caddyshack,Comedy,2019-09-05
Sex and the City: The Movie,Comedy,2019-08-31
Sugar Rush: Season 2: Trending Treats,Competition ,2019-08-22
Sugar Rush: Season 1: Get Buzzed,Competition ,2019-08-20
Sugar Rush: Season 1: Frosted Fashion,Competition ,2019-08-20
Sommersby,Drama,2019-08-20
Sugar Rush: Season 1: Camp Sugar Rush,Competition ,2019-08-19
Sugar Rush: Season 1: Holiday Celebrations,Competition ,2019-08-19
Sugar Rush: Season 1: Kids in a Candy Store,Competition ,2019-08-18
About Time,Romance,2019-08-18
Scream 3,Horror,2019-08-18
Pulp Fiction,Action/Adventure,2019-08-18
The Conjuring,Horror,2019-08-18
The Great British Baking Show: Masterclass: Season 5: Christmas,Competition ,2019-08-18
The Great British Baking Show: Masterclass: Season 5: Easter Masterclass,Competition ,2019-08-18
Blue Bloods: Season 1: Pilot,Drama,2019-08-18
She's Out of My League,Comedy,2019-08-18
GLOW: Season 3: A Very GLOW Christmas,Comedy,2019-08-17
GLOW: Season 3: The Libertines,Comedy,2019-08-16
Jackie Brown,Action/Adventure,2019-08-16
Ralph Breaks the Internet: Wreck-It Ralph 2,Comedy,2019-08-15
GLOW: Season 3: Keep Ridin',Comedy,2019-08-15
GLOW: Season 3: Hollywood Homecoming,Comedy,2019-08-15
GLOW: Season 3: Outward Bound,Comedy,2019-08-15
Now and Then,Comedy,2019-08-15
GLOW: Season 3: Freaky Tuesday,Comedy,2019-08-15
GLOW: Season 3: Say Yes,Comedy,2019-08-15
GLOW: Season 3: Desert Pollen,Comedy,2019-08-15
GLOW: Season 3: Hot Tub Club,Comedy,2019-08-15
"GLOW: Season 3: Up, Up, Up",Comedy,2019-08-14
Sugar Rush: Season 1: Surprise!,Competition ,2019-08-14
Sugar Rush: Season 2: Science of Sweets,Competition ,2019-08-13
Sugar Rush: Season 2: Made with Love,Competition ,2019-08-13
Rocky III,Drama,2019-08-13
Star Wars: Episode VIII: The Last Jedi,Action/Adventure,2019-08-12
Rocky,Drama,2019-08-12
Sugar Rush: Season 2: All Things Chocolate,Competition ,2019-08-12
The Texas Chainsaw Massacre,Horror,2019-08-12
Sugar Rush: Season 2: Family That Bakes Together,Competition ,2019-08-11
The Sisterhood of the Traveling Pants 2,Comedy,2019-08-11
Otherhood,Comedy,2019-08-09
The Sisterhood of the Traveling Pants,Comedy,2019-08-08
Sugar Rush: Season 2: Light My Fire,Competition ,2019-08-08
The Great British Baking Show: The Beginnings: Season 1: The Final,Competition ,2019-08-07
Storage Wars: Northern Treasures: Season 2: All's Well That Ends Wildly Ridiculous,Reality,2019-08-06
Strange Voices,Drama,2019-08-05
Four Weddings and a Funeral,Comedy,2019-08-05
The Great British Baking Show: The Beginnings: Season 1: Patisserie,Competition ,2019-08-05
Schindler's List,Drama,2019-08-05
Storage Wars: Northern Treasures: Season 2: EXTREMEEDITION!!!,Reality,2019-08-04
Storage Wars: Northern Treasures: Season 2: Cindy Hayden: Voodoo Child,Reality,2019-08-03
"Storage Wars: Northern Treasures: Season 2: Dude, Where's My Locker?",Reality,2019-08-03
Storage Wars: Northern Treasures: Season 2: Paulie's Angels: Full Throttle,Reality,2019-08-03
Storage Wars: Northern Treasures: Season 2: May the Schwarz be with you,Reality,2019-08-03
Storage Wars: Northern Treasures: Season 2: One Man Party,Reality,2019-08-03
The Aviator,Drama,2019-08-03
"As Above, So Below",Horror,2019-08-02
Storage Wars: Northern Treasures: Season 2: Ursula Goes Bananas,Reality,2019-08-02
Storage Wars: Northern Treasures: Season 2: The Birds and the Bees and the Bulls,Reality,2019-08-02
Storage Wars: Northern Treasures: Season 2: Two Men and a Fake Baby,Reality,2019-08-02
Storage Wars: Northern Treasures: Season 2: Between a Brawk and a Hard Place,Reality,2019-08-02
Storage Wars: Northern Treasures: Season 2: Hug Life,Reality,2019-08-02
Storage Wars: Northern Treasures: Season 2: Honeymoon Capital of the Storage World,Reality,2019-08-02
Storage Wars: Northern Treasures: Season 2: Freaks and Greeks,Reality,2019-08-01
Copycat,Action/Adventure,2019-08-01
Panic Room,Action/Adventure,2019-08-01
Platoon,Drama,2019-08-01
Storage Wars: Northern Treasures: Season 2: All Aboard the Party Train!,Reality,2019-08-01
Swordfish,Action/Adventure,2019-08-01
Scarface,Action/Adventure,2019-08-01
Secret Obsession,Action/Adventure,2019-07-31
Storage Wars: Northern Treasures: Season 2: Pranking the Monkeys,Reality,2019-07-31
Storage Wars: Northern Treasures: Season 2: Exceedingly Loud and Uncomfortably Close,Reality,2019-07-31
"Storage Wars: Northern Treasures: Season 2: Goji, Bogie and the Yogi",Reality,2019-07-31
Storage Wars: Northern Treasures: Season 2: Instigator in Training,Reality,2019-07-31
Mr. Mom,Comedy,2019-07-31
The Dark Knight,Drama,2019-07-31
Storage Wars: Northern Treasures: Season 2: Three Kennys Are Worse Than None,Reality,2019-07-30
Storage Wars: Northern Treasures: Season 2: Utopia?,Reality,2019-07-30
Storage Wars: Northern Treasures: Season 2: Confessions of a Dangerous Mime,Reality,2019-07-30
Storage Wars: Northern Treasures: Season 2: Roy Dirnbeck: The Roy Dirnbeck Story,Reality,2019-07-30
Storage Wars: Northern Treasures: Season 2: Cougar Pants!,Reality,2019-07-30
Storage Wars: Northern Treasures: Season 2: Schlock Therapy,Reality,2019-07-30
Storage Wars: Northern Treasures: Season 2: Kennys vs Kennys,Reality,2019-07-30
Avengers: Infinity War,Action/Adventure,2019-07-30
Thor: Ragnarok,Action/Adventure,2019-07-30
Storage Wars: Northern Treasures: Season 2: Roy Marks His Territory,Reality,2019-07-29
Storage Wars: Northern Treasures: Season 2: Chini-Chilla Bang Bang,Reality,2019-07-29
Storage Wars: Northern Treasures: Season 2: Worst Laid Plans,Reality,2019-07-28
Storage Wars: Northern Treasures: Season 2: Knock-Out Punch,Reality,2019-07-28
Storage Wars: Northern Treasures: Season 2: Keep Your Friends Close and Your Enemies Closer,Reality,2019-07-28
Storage Wars: Northern Treasures: Season 2: Shirt Happens,Reality,2019-07-28
Storage Wars: Northern Treasures: Season 2: Who Wants to Be a Bazillionaire,Reality,2019-07-28
Storage Wars: Northern Treasures: Season 2: That's Mr. Pecker to You,Reality,2019-07-28
Storage Wars: Northern Treasures: Season 2: Bigger Stronger Meaner Dumber,Reality,2019-07-27
Storage Wars: Northern Treasures: Season 2: Cause That's What Janitors Do!,Reality,2019-07-27
Frasier: Season 1: Miracle on Third or Fourth Street,Comedy,2019-07-26
Frasier: Season 1: Death Becomes Him,Comedy,2019-07-26
Gilmore Girls: Season 2: Red Light on the Wedding Night,Comedy,2019-07-23
Gilmore Girls: Season 2: Hammers and Veils,Comedy,2019-07-23
"Gilmore Girls: Season 2: Sadie, Sadie...",Comedy,2019-07-23
Cam,Horror,2019-07-23
Divine Secrets of the Ya-Ya Sisterhood,Drama,2019-07-17
Stranger Things: Stranger Things 3: Chapter Eight: The Battle of Starcourt,Action/Adventure,2019-07-17
Stranger Things: Stranger Things 3: Chapter Seven: The Bite,Action/Adventure,2019-07-05
Stranger Things: Stranger Things 3: Chapter Six: E Pluribus Unum,Action/Adventure,2019-07-04
Stranger Things: Stranger Things 3: Chapter Five: The Flayed,Action/Adventure,2019-07-04
Stranger Things: Stranger Things 3: Chapter Four: The Sauna Test,Action/Adventure,2019-07-04
Stranger Things: Stranger Things 3: Chapter Three: The Case of the Missing Lifeguard,Action/Adventure,2019-07-04
Stranger Things: Stranger Things 3: Chapter Two: The Mall Rats,Action/Adventure,2019-07-04
"Stranger Things: Stranger Things 3: Chapter One: Suzie, Do You Copy?",Action/Adventure,2019-07-04
Stranger Things: Chapter Two: The Weirdo on Maple Street,Action/Adventure,2019-07-04
